"Course ID","Subject code","Catalog Number","Offering Unit","Course Title","Course Description","Min Units","Max Units","Repeatable for Credit","Total Completions Allowed","Total Units Allowed","Grading Basis","Components","Course Attributes","Enrollment Requirements","Course Requisites"
"039663","CSC","101","Computer Science","Introduction to Computer Science","This course is intended for students who have no prior programming experience. Several core concepts in computer science will be presented, including problem-solving techniques, data representation, logic, and the physical components of computer hardware. Students will leave this course with basic programming and problem-solving skills, increased technical literacy, and a greater ability to recognize problems that can be solved with technology.","3","3","No","-","-","GRD - Regular Grades A, B, C, D, E","Lecture","-","-","-"
"039368","CSC","110","Computer Science","Introduction to Computer Programming I","An introduction to programming with an emphasis on solving problems drawn from a variety of domains. Topics include basic control and data structures, problem solving strategies, and software development tools and techniques.","4","4","No","-","-","GRD - Regular Grades A, B, C, D, E","Lecture","-","PPL 60+ or SAT I MSS 640+ or ACT MATH 26+ or (C or higher in [MATH 112 or MATH 108]) or one courses from MATH 113, 116, 120R, 122A, 122B, or 125. Test scores expire after 2 years.","-"
"039370","CSC","120","Computer Science","Introduction to Computer Programming II","Provides a continuing introduction to programming with an emphasis on problem­solving. It considers problems drawn from a variety of domains (including Computer Science) and emphasizes both the broader applicability of the relevant data structures and programming concepts, as well as the implementation of those structures and concepts in software. Topics include arrays, lists, stacks, queues, trees, searching and sorting, and exceptions.","4","4","No","-","-","GRD - Regular Grades A, B, C, D, E","Lecture","-","C or higher in (CSC 110 or ISTA 130 or ECE 101 or ECE 175) or appropriate score on department CSC 110 bypass exam. Contact CS advisor for bypass exam information.","-"
"042000","CSC","144","Computer Science","Discrete Mathematics for Computer Science I","The first of a two-course sequence introducing mathematical concepts for Computer Science. Topics include: propositional and predicate logic; proofs; sets, matrices, relations, and functions; integers and modular arithmetic.","3","3","No","-","-","GRD - Regular Grades A, B, C, D, E","Lecture","-","[C or higher (CSC 110, ISTA 130, ECE 175, or ECE 101) or prior prog. lang. exp. w/dept. approval] AND [PPL 60+ or SAT I MSS 640+ or ACT MATH 26+ or(C or higher in MATH 108 or 112)or 1 from MATH 113,116,120R,122A,122B,or125. Test scores exp. after 2 yrs]","-"
"043732","CSC","196","Computer Science","Special Topics in Computer Science Seminar","This undergraduate seminar studies special topics in Computer Science within a small group format. Through selected readings, presentations, and group discussions, students will take a discussion-based learning approach. Specific topics will be determined by current topics of interest by the instructor and in special cases, the students.","1","3","Yes","2","6","GRD - Regular Grades A, B, C, D, E","Seminar","-","-","-"
"009777","CSC","199","Computer Science","Independent Study","Qualified students working on an individual basis with professors who have agreed to supervise such work.","1","3","Yes","99","999","SPF - Alternative Grading S, P, F","Independent Study","-","-","-"
"009778","CSC","199H","Computer Science","Honors Independent Study","Qualified students working on an individual basis with professors who have agreed to supervise such work.","1","3","Yes","99","999","GRD - Regular Grades A, B, C, D, E","Independent Study","HNRS - HCRS (Honors Course)","Student must be active in the Honors College.","-"
"039371","CSC","210","Computer Science","Software Development","An introduction to the development of large­ scale software. Topics include modularization, design patterns, documentation, unit testing, source code control, build systems, debuggers, and performance tuning; all of the tools necessary for developing software as opposed to writing small programs.","4","4","No","-","-","GRD - Regular Grades A, B, C, D, E","Lecture","-","C or higher in CSC 120.","-"
"042001","CSC","244","Computer Science","Discrete Mathematics for Computer Science II","A second course in mathematical concepts for computer science. The topics covered include recursive definitions, recurrence relations, induction, graphs, trees, combinatorics, and discrete probability.","3","3","No","-","-","GRD - Regular Grades A, B, C, D, E","Lecture","-","C or better in CSC 120 and [C or better in CSC 144 or MATH 243 or MATH 323].","-"
"009783","CSC","252","Computer Science","Computer Organization","Basic machine organization; elementary hardware concepts; CPU internals. Machine operations and instructions; assembly language concepts and programming.","3","3","No","-","-","GRD - Regular Grades A, B, C, D, E","Discussion; Lecture","-","CSC 210","-"
"042621","CSC","296","Computer Science","Special Topics in Computer Science Seminar","This undergraduate seminar studies special topics in Computer Science within a small group format. Through selected readings, presentations, and group discussions, students will take a discussion-based learning approach. Specific topics will be determined by current topics of interest by the instructor and in special cases, the students.","1","3","Yes","2","6","GRD - Regular Grades A, B, C, D, E","Seminar","-","-","-"
"038222","CSC","296B","-","Seminar in Bioinformatics","This seminar course provides an overview of and introduction to the field of bioinformatics. Talks by faculty who do research in bioinformatics and computational biology, as well as by scientists from the biotechnology industry, give a sense of the current directions in the field.","1","1","Yes","2","2","SPF - Alternative Grading S, P, F","Seminar","CE - CL (Cross Listed)","-","-"
"009786","CSC","299","Computer Science","Independent Study","Qualified students working on an individual basis with professors who have agreed to supervise such work.","1","4","Yes","99","999","SPF - Alternative Grading S, P, F","Independent Study","-","-","-"
"009787","CSC","299H","Computer Science","Honors Independent Study","Qualified students working on an individual basis with professors who have agreed to supervise such work.","1","3","Yes","99","999","GRD - Regular Grades A, B, C, D, E","Independent Study","HNRS - HCRS (Honors Course)","Student must be active in the Honors College.","-"
"040555","CSC","317","Computer Science","Mobile Application Programming","Students will learn how to develop applications for mobile devices. The course will cover the necessary programming language(s), development environment, and a number of platform-specific APIs commonly used in mobile applications such as maps, location services, notifications, camera, and local storage. Other mobile-specific software development topics will be considered such as programming with limited computational and battery resources, client/server architecture, and cloud synchronization.","3","3","No","-","-","GRD - Regular Grades A, B, C, D, E","Lecture","-","CSC 210 or equivalent software development experience. Contact the instructor to determine if your background will suffice. Students may not have completed or be enrolled in CSCV 381.","-"
"009794","CSC","335","Computer Science","Object-Oriented Programming and Design","Fundamentals of object-oriented software development. Includes design principles, inheritance, polymorphism, Unified Modeling Language (UML), testing, event-driven programming with graphical user interfaces, applications of design patterns, and use of existing frameworks.","3","3","No","-","-","GRD - Regular Grades A, B, C, D, E","Lecture","-","CSC 210","-"
"036362","CSC","337","Computer Science","Web Programming","Introduction to the techniques and technologies for developing dynamic web sites. This course covers both client-side and server-side development. Client-side development will include HTML, CSS, Javascript, and AJAX. Server-side development will include web server development, deployment and integration with a DMBS. Other topics covered include: security concerns for web applications, password salting and hashing, and domains. This course includes a team project to deploy a web application.","3","3","No","-","-","GRD - Regular Grades A, B, C, D, E","Lecture","-","CSC 110 or ISTA 130 or ECE 101 or ECE 175.","-"
"040023","CSC","343","Computer Science","Human Computer Interaction","The course is a implementation-based introduction to basic concepts of human-computer interaction. Students will learn principles and skills for designing, programming, and evaluating interactive systems and demonstrate these skills through coursework. Topics include: system architecture, algorithms, data structures, verification, and software engineering techniques for implementing and managing interactive interfaces; methods of design and evaluation; and capabilities and limits of both computing devices and humans and their effect on design and implementation.","3","3","No","-","-","GRD - Regular Grades A, B, C, D, E","Lecture","-","CSC 210 and CSC 244.","-"
"009798","CSC","345","Computer Science","Analysis of Discrete Structures","Introduction to and analysis of algorithms and characteristics of discrete structures. Course topics include algorithm analysis techniques, recurrence relations, structural induction, hierarchical structures, graphs, hashing, and sorting.","3","3","No","-","-","GRD - Regular Grades A, B, C, D, E","Lecture","-","CSC 210 and CSC 244.","-"
"038211","CSC","346","Computer Science","Cloud Computing","This course focuses on cloud programming, with an emphasis on using the cloud to solve Big Data problems. The course will not only look at how distributed systems, databases, networks, etc. are used to implement cloud computing platforms and cloud applications, but also the impact of the infinite scalability and pay-as-you-go on the platforms and applications.","3","3","No","-","-","GRD - Regular Grades A, B, C, D, E","Lecture","-","CSC 120","-"
"039303","CSC","350","Computer Science","Fundamentals of Computer Science Theory","This course introduces the fundamentals of computer science theory, by surveying key concepts from (a) discrete mathematics, (b) data structures and algorithms, and (c) automata and formal languages, that form the foundation of theoretical computer science. The content is designed to provide in one course a broad survey of the essentials of computer science theory for non-majors. This course is not available for credit by computer science pre-majors or majors.","3","3","No","-","-","GRD - Regular Grades A, B, C, D, E","Discussion; Lecture","-","Grade of C or better in CSC 120. Not available for Computer Science pre-majors and majors.","-"
"009800","CSC","352","Computer Science","Systems Programming and Unix","Programming in C, including single and multi-dimensional arrays, lists, stacks, queues, trees, and bit manipulation. Unix topics, including debuggers, makefiles, shell programming, and other topics that support systems programming.","3","3","No","-","-","GRD - Regular Grades A, B, C, D, E","Laboratory; Lecture","-","CSC 210 and CSC 252.","-"
"042308","CSC","355","Computer Science","Discrete Structures and Basic Algorithms","Introduction to and analysis of algorithms and characteristics of discrete structures. Course topics include algorithm analysis, discrete data structures, sorting, hashing, search structures, basic design techniques (divide-and-conquer, dynamic programming, and greed) and graph algorithms.","3","3","No","-","-","GRD - Regular Grades A, B, C, D, E","Lecture","-","Advanced Standing: Engineering. ECE 201 and MATH 243. Students may not have completed or be enrolled in CSC 345.","-"
"009801","CSC","372","Computer Science","Comparative Programming Languages","Introduction to several major high-level programming languages and their characteristics. Programming projects are required in at least three languages.","3","3","No","-","-","GRD - Regular Grades A, B, C, D, E","Discussion; Lecture","-","CSC 210","-"
"041801","CSC","380","Computer Science","Principles of Data Science","The course introduces students to principles of data science that are necessary for computer scientists to make effective decisions in their professional careers. A number of computer science sub-disciplines now rely on data collection and analysis. For example, computer systems are now complicated enough that comparing the execution performance of two different programs becomes a statistical estimation problem rather than a deterministic computation. This course teaches students the basic principles of how to properly collect and process data sources in order to derive appropriate conclusions from them. The course has three main components: data analysis, machine learning, and a project where students apply the concepts discussed in class to a substantial open-ended problem.","3","3","No","-","-","GRD - Regular Grades A, B, C, D, E","Lecture","-","CSC 210 and CSC 244 and (MATH 122B or MATH 125 or MATH 129).","-"
"040219","CSC","382","Computer Science","Software Development in C++","This course will build upon students' knowledge of C to become proficient at programming in C++. Topics include testing, classes, templates, inheritance, operator overloading, object-oriented design, the Standard Template Library (STL), and event-driven programming with graphical user interfaces. This course also examines features of the newer versions of C++.­ The course includes a large team project at the end of the semester.","3","3","No","-","-","GRD - Regular Grades A, B, C, D, E","Lecture","-","CSC 352 or ECE 275","-"
"009806","CSC","391","Computer Science","Preceptorship","Specialized work on an individual basis, consisting of instruction and practice in actual service in a department, program, or discipline. Teaching formats may include seminars, in-depth studies, laboratory work and patient study.","1","4","Yes","99","99","SPF - Alternative Grading S, P, F","Independent Study","-","-","-"
"009807","CSC","392","Computer Science","Directed Research","Individual or small group research under the guidance of faculty.","1","3","Yes","99","6","GRD - Regular Grades A, B, C, D, E","Independent Study","-","-","-"
"043172","CSC","396","Computer Science","Special Topics in Computer Science Seminar","This undergraduate seminar studies special topics in Computer Science within a small group format. Through selected readings, presentations, and group discussions, students will take a discussion-based learning approach. Specific topics will be determined by current topics of interest by the instructor and in special cases, the students.","1","3","Yes","2","6","GRD - Regular Grades A, B, C, D, E","Seminar","-","-","-"
"009810","CSC","399","Computer Science","Independent Study","Qualified students working on an individual basis with professors who have agreed to supervise such work.","1","3","Yes","99","999","SPF - Alternative Grading S, P, F","Independent Study","-","-","-"
"009811","CSC","399H","Computer Science","Honors Independent Study","Qualified students working on an individual basis with professors who have agreed to supervise such work.","1","3","Yes","99","999","GRD - Regular Grades A, B, C, D, E","Independent Study","HNRS - HCRS (Honors Course)","Student must be active in the Honors College.","-"
"026241","CSC","401A","-","Symbolic Logic","Intermediate propositional logic and quantificational theory, natural deduction, axiom systems, elementary metatheorems, introduction to notions of modal logic, selected topics in philosophy of logic. Credit allowed for only one of these courses: PHIL 401A, PHIL 402.","3","3","No","-","-","GRD - Regular Grades A, B, C, D, E","Lecture","CE - CL (Cross Listed)","-","-"
"026242","CSC","401B","-","Symbolic Logic","Advanced propositional logic and quantification theory; metatheorems on consistency, independence, and completeness; set theory, number theory, and modal theory; recursive function theory and Goedel's incompleteness theorem.","3","3","No","-","-","GRD - Regular Grades A, B, C, D, E","Lecture","CE - CL (Cross Listed)","-","-"
"009819","CSC","422","Computer Science","Introduction to Parallel and Distributed Programming","Concepts and applications of parallel and distributed programs. Process interaction using shared variables and message passing; parallel computing; development of correct programs; general problem solving techniques; scientific computing; distributed systems. Programming assignments on multiple processor machines.","3","3","No","-","-","GRD - Regular Grades A, B, C, D, E","Discussion; Lecture","-","017097","-"
"009820","CSC","425","Computer Science","Computer Networking","Theory and practice of computer networks, emphasizing the principles underlying the design of network software and the role of the communications system in distributed computing. Topics include routing, flow and congestion control, end-to-end protocols, and multicast.","3","3","No","-","-","GRD - Regular Grades A, B, C, D, E","Discussion; Lecture","-","CSC 252, and CSC 352.","-"
"009823","CSC","433","Computer Science","Computer Graphics","Theory and practice of computer graphics: basic graphics programming, 2D and 3D transformations, clipping, 2D and 3D viewing, hierarchical modeling, hidden surface removal, lighting and shading, color, ray-tracing, radiosity, curve and surface modeling, and animation.","3","3","No","-","-","GRD - Regular Grades A, B, C, D, E","Discussion; Lecture","-","CSC 252, CSC 335, CSC 345, CSC 352, and (MATH 215 or MATH 313).","-"
"009825","CSC","436","Computer Science","Software Engineering","Introduces fundamental software engineering techniques for developing correct, efficient, reliable, maintainable, and evolvable software for large software projects. The class project gives an experience in using evolutionary software development processes for developing a high-quality, evolvable software product that addresses emerging customer requirements.","3","3","No","-","-","GRD - Regular Grades A, B, C, D, E","Discussion; Lecture","SEA - PD (Professional Development), SEC - INC (Innovation and Creativity)","CSC 252, CSC 335, CSC 345, and CSC 352.","-"
"009826","CSC","437","Computer Science","Geometric Algorithms","The study of algorithms for geometric objects, using a computational geometry approach, with an emphasis on applications for graphics, VLSI, GIS, robotics, and sensor networks. Topics may include the representation and overlaying of maps, finding nearest neighbors, solving linear programming problems, and searching geometric databases.","3","3","No","-","-","GRD - Regular Grades A, B, C, D, E","Discussion; Lecture","WE - WEC (Writing Emphasis Course)","CSC 345","-"
"019833","CSC","438","-","Computational Linguistics","Fundamentals of formal language theory; syntactic and semantic processing; the place of world knowledge in natural language processing.","3","3","No","-","-","GRD - Regular Grades A, B, C, D, E","Lecture","CE - CL (Cross Listed)","-","LING 388 or a course in one of the following: formal languages, syntax, data structures, or compilers."
"019834","CSC","439","-","Statistical Natural Language Processing","This course introduces the key concepts underlying statistical natural language processing. Students will learn a variety of techniques for the computational modeling of natural language, including: n-gram models, smoothing, Hidden Markov models, Bayesian Inference, Expectation Maximization, Viterbi, Inside-Outside Algorithm for Probabilistic Context-Free Grammars, and higher-order language models.","3","3","No","-","-","GRD - Regular Grades A, B, C, D, E","Lecture","CE - CL (Cross Listed)","018522","Recommended completion of 1 course from: ISTA 350, CSC 345, DATA 375, LING 388 or LING 438, or equivalent."
"038453","CSC","444","Computer Science","Data Visualization","This course will present the fundamentals of data visualization, the art and science of using a computer to generate visual depictions of data. The course will present the foundations of graphic design, perceptual psychology and cognitive science, as well as the algorithmic basis for many for the visualization techniques. While statistical techniques may determine correlations among the data, visualization helps us frame what questions to ask.","3","3","No","-","-","GRD - Regular Grades A, B, C, D, E","Lecture","-","CSC 345, and CSC 335.","-"
"009831","CSC","445","Computer Science","Algorithms","Introduction to the design and analysis of algorithms: basic analysis techniques (asymptotics, sums, recurrences); basic design techniques (divide and conquer, dynamic programming, greedy, amortization); acquiring an algorithm repertoire (sorting, median finding, strong components, spanning trees, shortest paths, maximum flow, string matching); and handling intractability (approximation algorithms, branch and bound).","3","3","No","-","-","GRD - Regular Grades A, B, C, D, E","Discussion; Lecture","WE - WEC (Writing Emphasis Course)","CSC 345.","-"
"035941","CSC","447","Computer Science","Green Computing","This course covers fundamental principles of energy management faced by designers of hardware, operating systems, and data centers. We will explore basic energy management option in individual components such as CPUs, network interfaces, hard drives, memory. We will further present the energy management policies at the operating system level that consider performance vs. energy saving tradeoffs. Finally we will consider large scale data centers where energy management is done at multiple layers from individual components in the system to shutting down entries subset of machines. We will also discuss energy generation and delivery and well as cooling issues in large data centers.","3","3","No","-","-","GRD - Regular Grades A, B, C, D, E","Lecture","-","CSC 252 and CSC 352.","-"
"036458","CSC","450","Computer Science","Algorithms in Bioinformatics","This course introduces fundamental results in discrete algorithms for combinatorial problems in bioinformatics and computational biology. The emphasis is on realistic models of computational problems that arise in the analysis of biological data, and practical algorithms for their solution. The content has depth in the area of biological sequence analysis, and breadth in areas such as phylogeny construction, protein structure prediction, and genome rearrangement analysis. Grades are based on homeworks, exams, programming projects, and a class presentation.","3","3","No","-","-","GRD - Regular Grades A, B, C, D, E","Lecture","-","CSC 345","For both computer science and non-computer science majors, mathematical maturity will be helpful."
"009835","CSC","452","Computer Science","Principles of Operating Systems","Concepts of modern operating systems; concurrent processes; process synchronization and communication; resource allocation; kernels; deadlock; memory management; file systems.","3","3","No","-","-","GRD - Regular Grades A, B, C, D, E","Lecture","-","CSC 252, CSC 345, and CSC 352.","-"
"009836","CSC","453","Computer Science","Compilers and Systems Software","Basic concepts of compilation and related systems software. Topics include lexical analysis, parsing, semantic analysis, code generation; assemblers, loaders, linkers; debuggers.","3","3","No","-","-","GRD - Regular Grades A, B, C, D, E","Lecture","-","CSC 252, CSC 345, and CSC 352.","CSC 372 recommended."
"026292","CSC","455","-","Philosophy and Artificial Intelligence","Interdisciplinary problems lying at the interface of philosophy and artificial intelligence.","3","3","No","-","-","GRD - Regular Grades A, B, C, D, E","Lecture","CE - CL (Cross Listed)","-","-"
"009838","CSC","460","Computer Science","Database Design","Functions of a database system. Data modeling and logical database design. Query languages and query optimization. Efficient data storage and access. Database access through standalone and web applications.","3","3","No","-","-","GRD - Regular Grades A, B, C, D, E","Discussion; Lecture","-","CSC 335, and CSC 345.","-"
"043366","CSC","465","Computer Science","Reverse Engineering vs. Software Protection","This course teaches tools and techniques for dissecting and understanding an unknown piece of (potentially malicious) low-level code. In particular, the course covers fundamental program analysis techniques, reverse engineering algorithms and tools, and algorithms for protecting software (such as computer games, mobile code, critical infrastructure, malware, and media) against reverse engineering attacks. Additionally, the course provides a strong foundation for the understanding of low-level programming, including assembly code, binary code, and executable file formats.","3","3","No","-","-","GRD - Regular Grades A, B, C, D, E","Lecture","-","CSC 252, and CSC 352.","-"
"035911","CSC","466","Computer Science","Computer Security","This is an introductory course covering the fundamentals of computer security. In particular, the course will cover basic concepts of computer security such as threat models and security policies, and will show how these concepts apply to specific areas such as communication security, software security, operating systems security, network security, web security, and hardware-based security.","3","3","No","-","-","GRD - Regular Grades A, B, C, D, E","Lecture","-","CSC 252, and CSC 352.","-"
"009843","CSC","473","Computer Science","Automata, Grammars and Languages","Introduction to models of computation (finite automata, pushdown automata, Turing machines), representations of languages (regular expressions, context-free grammars), and the basic hierarchy of languages (regular, context-free, decidable, and undecidable languages).","3","3","No","-","-","GRD - Regular Grades A, B, C, D, E","Discussion; Lecture","WE - WEC (Writing Emphasis Course)","CSC 345","-"
"012196","CSC","474A","-","Computer-Aided Logic Design","Tabular minimization of single and multiple output Boolean functions, NMOS and CMOS realizations, synthesis of sequential circuits, RTL description, laboratory exercises.","3","3","No","-","-","GRD - Regular Grades A, B, C, D, E","Lecture","CE - CL (Cross Listed)","015063","ECE 274."
"009850","CSC","477","Computer Science","Introduction to Computer Vision","Overview of algorithms for analyzing image data. Topics include image formation, physics-based vision, linear filtering, edge detection, multiple view geometry, segmentation, tracking, and recognition.","3","3","No","-","-","GRD - Regular Grades A, B, C, D, E","Discussion; Lecture","-","CSC 252, CSC 335, CSC 345, CSC 352, and (MATH 215 or MATH 313).","Knowledge of probability and CSC 433 (or computer graphics) helpful."
"042132","CSC","480","Computer Science","Principles of Machine Learning","Students will learn why machine learning is a fundamentally different way of writing computer programs from traditional programming, and why this is often an attractive way of solving practical problems. Machine learning is all about automatic ways for computers to collect and/or adapt to data to make better predictions and decisions or gain insight; students will learn both advantages and unique risks that this approach offers. They will learn the fundamental frameworks, computational methods, and algorithms that underlie current machine learning practice, and how to derive and implement many of them.","3","3","No","-","-","GRD - Regular Grades A, B, C, D, E","Lecture","-","018697","Recommend completion of Calculus I (MATH 125 or MATH 122B). You will need to have a programming maturity at the level of CSC 120."
"038827","CSC","483","Computer Science","Text Retrieval and Web Search","Most of the web data today consists of unstructured text. Of course, the fact that this data exists is irrelevant, unless it is made available such that users can quickly find information that is relevant for their needs. This course will cover the fundamental knowledge necessary to build these systems, such as web crawling, index construction and compression, Boolean, vector-based, and probabilistic retrieval models, text classification and clustering, link analysis algorithms such as PageRank, and computational advertising. The students will also complete one programming project, in which they will construct one complex application that combines multiple algorithms into a system that solves real-world problems.","3","3","No","-","-","GRD - Regular Grades A, B, C, D, E","Lecture","-","C or better in CSC 345.","-"
"009856","CSC","492","Computer Science","Directed Research","Individual or small group research under the guidance of faculty.","1","3","Yes","99","6","GRD - Regular Grades A, B, C, D, E","Independent Study","-","-","-"
"009857","CSC","493","Computer Science","Internship","Specialized work on an individual basis, consisting of training and practice in actual service in a technical, business, or governmental establishment. Such work must be approved and supervised by a Computer Science faculty member. Available to Computer Science majors. May be repeated: Between C SC 293 and 493, a total of 6 units of internship may be earned.","1","3","Yes","99","999","SPF - Alternative Grading S, P, F","Independent Study","-","-","-"
"042850","CSC","496","Computer Science","Special Topics in Computer Science Seminar","This undergraduate seminar studies special topics in Computer Science within a small group format. Through selected readings, presentations, and group discussions, students will take a discussion-based learning approach. Specific topics will be determined by current topics of interest by the instructor and in special cases, the students.","1","3","Yes","2","6","GRD - Regular Grades A, B, C, D, E","Seminar","-","-","-"
"009862","CSC","498H","Computer Science","Honors Thesis","An honors thesis is required of all the students graduating with honors. Students ordinarily sign up for this course as a two-semester sequence. The first semester the student performs research under the supervision of a faculty member; the second semester the student writes an honors thesis.","3","3","Yes","99","6","GRD - Regular Grades A, B, C, D, E","Independent Study","HNRS - HCRS (Honors Course), WE - WEC (Writing Emphasis Course)","Student must be active in the Honors College.","-"
"009863","CSC","499","Computer Science","Independent Study","Qualified students working on an individual basis with professors who have agreed to supervise such work.","1","4","Yes","99","999","SPF - Alternative Grading S, P, F","Independent Study","-","-","-"
"009864","CSC","499H","Computer Science","Honors Independent Study","Qualified students working on an individual basis with professors who have agreed to supervise such work.","1","4","Yes","99","999","GRD - Regular Grades A, B, C, D, E","Independent Study","HNRS - HCRS (Honors Course)","Student must be active in the Honors College.","-"
"026314","CSC","501A","-","Symbolic Logic","Intermediate propositional logic and quantificational theory, natural deduction, axiom systems, elementary metatheorems, introduction to notions of modal logic, selected topics in philosophy of logic. Graduate-level requirements include an in-depth research project on a central theme or topic of the course. Courses for which students receive the grade of P (Pass) do not satisfy requirements for the M.A. or Ph.D. or minor in philosophy.","3","3","No","-","-","OPT - Student Option ABCDE/PF","Lecture","CE - CL (Cross Listed)","-","-"
"026315","CSC","501B","-","Symbolic Logic","Advanced propositional logic and quantification theory; metatheorems on consistency, independence, and completeness; set theory, number theory, and modal theory; recursive function theory and Goedel's incompleteness theorem. Graduate-level requirements include an in-depth research project on a central theme or topic of the course. Courses for which students receive the grade of P (Pass) do not satisfy requirements for the M.A. or Ph.D. or minor in philosophy.","3","3","No","-","-","OPT - Student Option ABCDE/PF","Lecture","CE - CL (Cross Listed)","-","-"
"021014","CSC","502","-","Mathematical Logic","[Taught Fall semester in even-numbered years] Sentential calculus, predicate calculus; consistency, independence, completeness, and the decision problem. Designed to be of interest to majors in mathematics or philosophy. Graduate-level requirements include more extensive problem sets or advanced projects.","3","3","No","-","-","GRD - Regular Grades A, B, C, D, E","Lecture","CE - CL (Cross Listed)","-","-"
"009872","CSC","520","Computer Science","Principles of Programming Languages","Important programming language concepts, including types, control and data abstraction, denotational semantics, declarative and object-oriented languages, implementation issues.","3","3","No","-","-","GRD - Regular Grades A, B, C, D, E","Lecture","-","-","CSC 453."
"009875","CSC","522","Computer Science","Parallel and Distributed Computing","Basic concepts and semantics of concurrent programs. Synchronization methods and programming techniques: locks, semaphores, monitors, message passing, programming paradigms. High performance computing: hardware, applications, programming tools and techniques, parallelizing compilers, performance tuning. Distributed computing: RPC and rendezvous, distributed systems, decentralized control algorithms.","3","3","No","-","-","GRD - Regular Grades A, B, C, D, E","Lecture","-","-","CSC 422."
"009876","CSC","525","Computer Science","Principles of Computer Networking","Intensive course in theory and practice of computer networks, emphasizing the underlying the design of network software and the role of the communications system in distributed computing. Topics include wireless and mobile networking, resource management, routing, flow and congestion control, multicast and data representation, and RPC.","3","3","No","-","-","GRD - Regular Grades A, B, C, D, E","Lecture","-","-","CSC 425."
"009878","CSC","533","Computer Science","Computer Graphics","Theory and practice of computer graphics: basic graphics programming, 2D and 3D transformations, clipping, 2D and 3D viewing, hierarchical modeling, hidden surface removal, lighting and shading, color, ray-tracing, radiosity, curve and surface modeling, and animation. Graduate-level requirements include more extensive and challenging programming assignments.","3","3","No","-","-","GRD - Regular Grades A, B, C, D, E","Lecture","GIDP - STATD (Statistics and Data Science)","-","-"
"039680","CSC","535","Computer Science","Probabilistic Graphical Models","Probabilistic graphical modeling and inference is a powerful modern approach to representing the combined statistics of data and models, reasoning about the world in the face of uncertainty, and learning about it from data. It cleanly separates the notions of representation, reasoning, and learning. It provides a principled framework for combining multiple source of information such as prior knowledge about the world with evidence about a particular case in observed data. This course will provide a solid introduction to the methodology and associated techniques, and show how they are applied in diverse domains ranging from computer vision to molecular biology to astronomy.","3","3","No","-","-","GRD - Regular Grades A, B, C, D, E","Lecture","-","Graduate major or minor: CSC.","MATH 223 and MATH 313 or equivalent math background. MATH 464 or alternative course that covers basic discrete and continuous probability. CSC 445 or equivalent preparation in algorithms, data structures, and programming."
"009882","CSC","536","Computer Science","Software Engineering","Introduces fundamental software engineering techniques for developing correct, efficient, reliable, maintainable, and evolvable software for large software projects. The class project gives an experience in using evolutionary software development processes for developing a high-quality, evolvable software product that addresses emerging customer requirements. Graduate-level requirements include extra reading assignments on advanced topics and home assignments on these readings.","3","3","No","-","-","GRD - Regular Grades A, B, C, D, E","Lecture","-","-","-"
"009883","CSC","537","Computer Science","Geometric Algorithms","The study of algorithms for geometric objects, using a computational geometry approach, with an emphasis on applications for graphics, VLSI, GIS, robotics, and sensor networks. Topics may include the representation and overlaying of maps, finding nearest neighbors, solving linear programming problems, and searching geometric databases. Graduate-level requirements include reading a paper in the field of computational geometry or related literature and discussing this paper with the instructor.","3","3","No","-","-","GRD - Regular Grades A, B, C, D, E","Lecture","-","-","-"
"019928","CSC","538","-","Computational Linguistics","Fundamentals of formal language theory; syntactic and semantic processing; the place of world knowledge in natural language processing. Graduate-level requirements include a greater number of assignments and a higher level of performance.","3","3","No","-","-","GRD - Regular Grades A, B, C, D, E","Laboratory; Lecture","CE - CL (Cross Listed), GIDP - COGS (Cognitive Science), GIDP - SLAT (Sec. Lang. Acquisition & Teach)","-","-"
"019929","CSC","539","-","Statistical Natural Language Processing","This course introduces the key concepts underlying statistical natural language processing. Students will learn a variety of techniques for the computational modeling of natural language, including: n-gram models, smoothing, Hidden Markov models, Bayesian Inference, Expectation Maximization, Viterbi, Inside-Outside Algorithm for Probabilistic Context-Free Grammars, and higher-order language models. Graduate-level requirements include assignments of greater scope than undergraduate assignments. In addition to being more in-depth, graduate assignments are typically longer and additional readings are required.","3","3","No","-","-","GRD - Regular Grades A, B, C, D, E","Lecture","CE - CL (Cross Listed), GIDP - COGS (Cognitive Science), GIDP - SLAT (Sec. Lang. Acquisition & Teach), GIDP - STATD (Statistics and Data Science)","-","two semesters of programming or equivalent"
"021089","CSC","543","-","Theory of Graphs and Networks","[Taught Fall semester in even-numbered years] Undirected and directed graphs, connectivity, circuits, trees, partitions, planarity, coloring problems, matrix methods, applications in diverse disciplines. Graduate-level requirements include more extensive problem sets or advanced projects.","3","3","No","-","-","GRD - Regular Grades A, B, C, D, E","Lecture","CE - CL (Cross Listed), GIDP - STATD (Statistics and Data Science)","-","-"
"038454","CSC","544","Computer Science","Advanced Data Visualization","Data visualization is a research area that focuses on the use of visualization techniques to help people understand and analyze data. Visualization allows us to perceive relationships, patterns, and trends. While statistical techniques may determine correlations among the data, visualization helps us frame what questions to ask. Providing efficient and effective data visualization is a difficult challenge in many real world examples. One challenge lies in developing algorithmically efficient methods to visualize large and complex data sets. Another challenge is to develop effective visualizations that make the underlying patterns and trends easy to see. Even tougher is the challenge of providing interactive access, analysis, and filtering. All of these tasks become still more difficult with the size of the data sets arising in modern applications.","3","3","No","-","-","GRD - Regular Grades A, B, C, D, E","Lecture","GIDP - GC (Global Change)","-","-"
"009891","CSC","545","Computer Science","Design and Analysis of Algorithms","Time, space complexity, recurrences, algorithm design techniques, lower bounds; graph, matrix, set algorithms; sorting, fast Fourier transform, arithmetic complexity, intractable problems.","3","3","No","-","-","GRD - Regular Grades A, B, C, D, E","Lecture","-","-","CSC 445, CSC 473, MATH 362."
"035942","CSC","547","Computer Science","Green Computing","This course covers fundamental principles of energy management faced by designers of hardware, operating systems, and data centers. We will explore basic energy management option in individual components such as CPUs, network interfaces, hard drives, memory. We will further present the energy management policies at the operating system level that consider performance vs. energy saving tradeoffs. Finally we will consider large scale data centers where energy management is done at multiple layers from individual components in the system to shutting down entries subset of machines. We will also discuss energy generation and delivery and well as cooling issues in large data centers. In addition to the assignments listed for undergraduates, Graduate-level requirements include a detailed review of the three recent conference publications dealing with energy efficiency.","3","3","No","-","-","GRD - Regular Grades A, B, C, D, E","Lecture","GIDP - GC (Global Change)","-","CSC 452 or equivalent course in operating systems."
"036459","CSC","550","Computer Science","Algorithms in Bioinformatics","This course introduces fundamental results in discrete algorithms for combinatorial problems in bioinformatics and computational biology. The emphasis is on realistic models of computational problems that arise in the analysis of biological data, and practical algorithms for their solution. The content has depth in the area of biological sequence analysis, and breadth in areas such as phylogeny construction, protein structure prediction, and genome rearrangement analysis. Grades are based on homeworks, exams, programming projects, and a class presentation.","3","3","No","-","-","GRD - Regular Grades A, B, C, D, E","Lecture","GIDP - STATD (Statistics and Data Science)","-","CSC 545. For both computer science and non-computer science majors, mathematical maturity will be helpful."
"009895","CSC","552","Computer Science","Advanced Operating Systems","Operating system design, implementation and modeling; deadlock and memory management models; protection mechanisms; operating systems for parallel and distributed systems.","3","3","No","-","-","GRD - Regular Grades A, B, C, D, E","Lecture","-","-","CSC 452."
"009896","CSC","553","Computer Science","Principles of Compilation","Detailed study of advanced compilation: translator writing systems, attribute grammars, flow analysis, optimization, register allocation, code generation, compiling for modern architectures.","3","3","No","-","-","GRD - Regular Grades A, B, C, D, E","Lecture","-","-","CSC 453, CSC 473."
"026366","CSC","555","-","Philosophy and Artificial Intelligence","Interdisciplinary problems lying at the interface of philosophy and artificial intelligence. Courses for which students receive the grade of P (Pass) do not satisfy requirements for the M.A. or Ph.D. or minor in philosophy. Graduate-level requirements include an in-depth research paper on a central theme or topic of the course.","3","3","No","-","-","OPT - Student Option ABCDE/PF","Lecture","CE - CL (Cross Listed), GIDP - COGS (Cognitive Science)","-","-"
"009898","CSC","560","Computer Science","Database Systems Implementation","Emphasis on DBMS architecture and implementation issues such as storage structures, multidimensional index structures, query optimization, concurrency control and recovery, and parallel database systems.","3","3","No","-","-","GRD - Regular Grades A, B, C, D, E","Lecture","-","-","CSC 460."
"035912","CSC","566","Computer Science","Computer Security","This is an introductory course covering the fundamentals of computer security. In particular, the course will cover basic concepts of computer security such as threat models and security policies, and will show how these concepts apply to specific areas such as communication security, software security, operating systems security, network security, web security, and hardware-based security. Graduate-level requirements include an additional project/essay/in-class presentation.","3","3","No","-","-","GRD - Regular Grades A, B, C, D, E","Lecture","-","-","CSC 352 or similar course in systems programming."
"009906","CSC","573","Computer Science","Theory of Computation","Chomsky hierarchy, undecidability; general recursive functions; recursion theory; computational complexity theory, NP-complete and provably intractable problems.","3","3","No","-","-","GRD - Regular Grades A, B, C, D, E","Lecture","CE - CL (Cross Listed), GIDP - COGS (Cognitive Science)","-","CSC 473."
"012322","CSC","574A","-","Computer-Aided Logic Design","Tabular minimization of single and multiple output Boolean functions, NMOS and CMOS realizations, synthesis of sequential circuits, RTL description, laboratory exercises. Graduate-level requirements include additional homework and term projects.","3","3","No","-","-","GRD - Regular Grades A, B, C, D, E","Lecture","CE - CL (Cross Listed)","-","-"
"009912","CSC","576","Computer Science","Computer Architecture","Design of computers, including instruction set design, processor implementation, pipelining, memory hierarchy, vector processors, and parallel architectures. Emphasis on hardware and software tradeoffs.","3","3","No","-","-","GRD - Regular Grades A, B, C, D, E","Lecture","-","-","CSC 452, ECE 369."
"009913","CSC","577","Computer Science","Introduction to Computer Vision","Overview of algorithms for analyzing image data. Topics include image formation, physics-based vision, linear filtering, edge detection, multiple view geometry, segmentation, tracking, and recognition. Graduate-level requirements include additional challenging assignments or a research oriented project and participate in the weekly vision group meeting.","3","3","No","-","-","GRD - Regular Grades A, B, C, D, E","Lecture","CE - CL (Cross Listed), GIDP - COGS (Cognitive Science)","-","-"
"040591","CSC","580","Computer Science","Principles of Machine Learning","Students will learn why machine learning is a fundamentally different way of writing computer programs from traditional programming, and why this is often an attractive way of solving practical problems. Machine learning is all about automatic ways for computers to collect and/or adapt to data to make better predictions and decisions or gain insight; students will learn both advantages and unique risks that this approach offers. They will learn the fundamental frameworks, computational methods, and algorithms that underlie current machine learning practice, and how to derive and implement many of them.","3","3","No","-","-","GRD - Regular Grades A, B, C, D, E","Lecture","GIDP - GC (Global Change)","015356","Strong background in linear algebra and calculus is necessary. Good amount of programming experience is needed: a significant amount of programming maturity is expected. Some probability theory and statistics will be helpful, but not strictly necessary."
"019958","CSC","581","-","Advanced Computational Linguistics","This course provides a hands-on project-based approach to particular problems and issues in computational linguistics.","3","3","No","-","-","GRD - Regular Grades A, B, C, D, E","Lecture","CE - CL (Cross Listed), GIDP - COGS (Cognitive Science)","-","LING 538."
"038829","CSC","583","Computer Science","Text Retrieval and Web Search","Most of the web data today consists of unstructured text. Of course, the fact that this data exists is irrelevant, unless it is made available such that users can quickly find information that is relevant for their needs. This course will cover the fundamental knowledge necessary to build these systems, such as web crawling, index construction and compression, Boolean, vector-based, and probabilistic retrieval models, text classification and clustering, link analysis algorithms such as PageRank, and computational advertising. The students will also complete one programming project, in which they will construct one complex application that combines multiple algorithms into a system that solves real-world problems.","3","3","No","-","-","GRD - Regular Grades A, B, C, D, E","Lecture","-","Graduate major or minor: CSC.","MATH 129."
"039999","CSC","585","Computer Science","Algorithms for Natural Language Processing","This course covers important algorithms useful for natural language processing (NLP), including distributional similarity algorithms such as word embeddings, recurrent and recursive neural networks (NN), probabilistic graphical models useful for sequence prediction, and parsing algorithms such as shift-reduce. This course will focus on the algorithms that underlie NLP, rather than the application of NLP to various problem domains.","3","3","No","-","-","GRD - Regular Grades A, B, C, D, E","Lecture","-","-","-"
"041122","CSC","588","Computer Science","Machine Learning Theory","Students will learn how and when machine learning is possible/impossible as well as various algorithms with theoretical guarantees under minimal assumptions. Specifically, the course offers formulation of learning environments (e.g., stochastic and adversarial worlds with possibly limited feedback), fundamental limits of learning in these environments, various algorithms concerning sample efficiency, computational efficiency, and generality. Throughout, students will not only learn fundamental tools upholding the current understanding of machine learning systems in the research community but also develop skills of adapting these techniques to their own research needs such as developing new algorithms for large-scale, data-driven applications.","3","3","No","-","-","GRD - Regular Grades A, B, C, D, E","Lecture","-","Graduate major or minor: CSC.","Students must have strong familiarity with:"
"009920","CSC","593","Computer Science","Internship","Specialized work on an individual basis, consisting of training and practice in actual service in a technical, business, or governmental establishment.","1","6","No","-","-","SPF - Alternative Grading S, P, F","Independent Study","-","-","-"
"043099","CSC","596","Computer Science","Special Topics in Computer Science Seminar","This graduate seminar studies special topics in Computer Science within a small group format. Through selected readings, presentations, and group discussions, students will take a discussion-based learning approach. Specific topics will be determined by current topics of interest by the instructor and in special cases, the students.","1","3","Yes","2","6","GRD - Regular Grades A, B, C, D, E","Seminar","-","-","-"
"009921","CSC","599","Computer Science","Independent Study","Qualified students working on an individual basis with professors who have agreed to supervise such work. Graduate students doing independent work which cannot be classified as actual research will register for credit under course number 599, 699, or 799.","1","4","Yes","99","999","SPF - Alternative Grading S, P, F","Independent Study","-","-","-"
"009932","CSC","695A","Computer Science","Graduate Colloquium","Presentation of current research topics in Computer Science.","1","1","Yes","99","7","SPF - Alternative Grading S, P, F","Colloquium","-","-","-"
"041272","CSC","696A","Computer Science","Advanced Topics in Programming Languages and Compilers","The goal of this graduate seminar course is to learn more about research in the general field of programming languages and compilers. In this course, we will read and review research papers on programming languages and compilers. We will also learn how to do research in computer science by reading, evaluating, presenting, and conducting a research project in programming languages and compilers. Specific topics to be determined by current literature and faculty and student interest.","3","3","Yes","99","999","GRD - Regular Grades A, B, C, D, E","Seminar","-","Graduate major or minor: CSC.","-"
"041276","CSC","696B","Computer Science","Advanced Topics in Parallel, Distributed, and High-Performance Computing","The goal of this graduate seminar course is to learn more about research in the general field of parallel, distributed, and high-performance computing. In this course, we will read and review research papers on parallel, distributed, and high-performance computing. We will also learn how to do research in computer science by reading, evaluating, presenting, and conducting a research project in parallel, distributed, or high-performance computing. Specific topics to be determined by current literature and faculty and student interest.","3","3","Yes","99","999","GRD - Regular Grades A, B, C, D, E","Seminar","-","Graduate major or minor: CSC.","-"
"041273","CSC","696C","Computer Science","Advanced Topics in Computer Science","This is a research-oriented seminar course addressing selected advanced current topics in computer science. The specific computer science domain will be selected based on current literature as well as faculty and student interests. Exemplar domains include computer architecture, cyber-physical systems, domain-specific applications, education, embedded & real-time systems, formal verification, operations research, robotics, software engineering, ubiquitous computing, and web technologies.","3","3","Yes","99","999","GRD - Regular Grades A, B, C, D, E","Seminar","-","Graduate major or minor: CSC.","-"
"041277","CSC","696D","Computer Science","Advanced Topics in Visualization and Graphics","This is a research-oriented seminar course addressing selected advanced current topics in visualization and graphics, broadly defined to include both the theory and applications. Exemplar domains include data visualization, computer graphics, computational geometry, visual analytics, data analysis, imaging, visual interfaces, geometric modeling, perception & cognition, computer-aided geometric design, display technologies, and virtual & augmented reality. Within a domain, topics will be selected based on current literature as well as faculty and student interests.","3","3","Yes","99","999","GRD - Regular Grades A, B, C, D, E","Seminar","-","Graduate major or minor: CSC.","-"
"041278","CSC","696E","Computer Science","Advanced Topics in Algorithms","The goal of this graduate seminar course is to learn more about research in the general field of algorithms. In this course, we will read and review research papers on algorithms. We will also learn how to do research in computer science by reading, evaluating, presenting, and conducting a research project in algorithms. Specific topics to be determined by current literature and faculty and student interest.","3","3","Yes","99","999","GRD - Regular Grades A, B, C, D, E","Seminar","GIDP - COGS (Cognitive Science)","Graduate major or minor: CSC.","-"
"041274","CSC","696F","Computer Science","Advanced Topics in Computer Systems","The goal of this graduate seminar course is to learn more about research in the general field of computer systems. In this course, we will read and review research papers on computer systems. We will also learn how to do research in computer science by reading, evaluating, presenting, and conducting a research project in computer systems. Specific topics to be determined by current literature and faculty and student interest.","3","3","Yes","99","999","GRD - Regular Grades A, B, C, D, E","Seminar","-","Graduate major or minor: CSC.","-"
"020006","CSC","696G","-","Topics in Computational Linguistics","The development and exchange of scholarly information, usually in a small group setting with an in depth investigation of computational linguistics theory and application. The scope of work shall consist of research by course registrants, with the exchange of the results of such research through discussion, reports, and/or papers.","3","3","Yes","99","18","GRD - Regular Grades A, B, C, D, E","Seminar","CE - CL (Cross Listed), GIDP - COGS (Cognitive Science)","-","-"
"041275","CSC","696H","Computer Science","Advanced Topics in Artificial Intelligence","The goal of this graduate seminar course is to learn more about research in the general field of artificial intelligence. In this course, we will read and review research papers on artificial intelligence. We will also learn how to do research in computer science by reading, evaluating, presenting, and conducting a research project in artificial intelligence. Specific topics to be determined by current literature and faculty and student interest.","3","3","Yes","99","999","GRD - Regular Grades A, B, C, D, E","Seminar","-","Graduate major or minor: CSC.","-"
"041279","CSC","696I","Computer Science","Advanced Topics in Security","The goal of this graduate seminar course is to learn more about research in the general field of computer security. In this course, we will read and review research papers on computer security. We will also learn how to do research in computer science by reading, evaluating, presenting, and conducting a research project in computer security. Specific topics to be determined by current literature and faculty and student interest.","3","3","Yes","99","999","GRD - Regular Grades A, B, C, D, E","Seminar","-","Graduate major or minor: CSC.","-"
"042530","CSC","696J","Computer Science","Advanced Topics in Data Systems","The goal of this graduate seminar course is to learn more about research in the general field of data systems. In this course, we will read and review research papers on data systems. We will also learn how to do research in computer science by reading, evaluating, presenting, and conducting a research project in data systems. Specific topics to be determined by current literature and faculty and student interest.","3","3","Yes","99","99","GRD - Regular Grades A, B, C, D, E","Seminar","-","Graduate major or minor: CSC.","-"
"009938","CSC","699","Computer Science","Independent Study","Qualified students working on an individual basis with professors who have agreed to supervise such work. Graduate students doing independent work which cannot be classified as actual research will register for credit under course number 599, 699, or 799.","1","4","Yes","99","999","SPF - Alternative Grading S, P, F","Independent Study","-","-","-"
"009939","CSC","799","Computer Science","Independent Study","Qualified students working on an individual basis with professors who have agreed to supervise such work. Graduate students doing independent work which cannot be classified as actual research will register for credit under course number 599, 699, or 799.","1","4","Yes","99","999","SPF - Alternative Grading S, P, F","Independent Study","-","-","-"
"009940","CSC","900","Computer Science","Research","Individual research, not related to thesis or dissertation preparation, by graduate students.","1","6","Yes","99","999","SPF - Alternative Grading S, P, F","Independent Study","-","-","-"
"009941","CSC","910","Computer Science","Thesis","Research for the master's thesis (whether library research, laboratory or field observation or research, artistic creation, or thesis writing). Maximum total credit permitted varies with the major department.","1","6","Yes","99","999","SPF - Alternative Grading S, P, F","Independent Study","-","-","-"
"009942","CSC","920","Computer Science","Dissertation","Research for the doctoral dissertation (whether library research, laboratory or field observation or research, artistic creation, or dissertation writing).","1","9","Yes","99","999","SPF - Alternative Grading S, P, F","Independent Study","-","-","-"